2026-03-08T19:16:38.2355373	1	0
2026-03-08T19:42:07.8685071	1	1
2026-03-10T19:01:57.0426296	1	2
2026-03-10T19:11:21.4201647	1	3
2026-03-13T20:24:55.7404468	1	4
2026-03-16T15:50:13.1996417	1	5
2026-03-16T17:13:49.5413683	1	6
2026-03-16T17:14:48.3802637	1	7
2026-03-16T17:17:02.7264903	1	8
2026-03-16T17:18:01.7279861	1	9
2026-03-16T17:19:59.7006811	1	10
2026-03-16T17:23:14.3420568	1	11
2026-03-16T17:30:48.1230225	1	12
2026-03-16T17:36:31.5767749	1	13
2026-03-16T17:38:08.2530293	1	14
2026-03-16T17:39:53.1924126	1	15
2026-03-16T17:42:09.9714344	1	16
2026-03-16T17:43:20.8270888	1	17
2026-03-16T17:45:17.7846091	1	18
2026-03-16T17:46:23.5164809	1	19
2026-03-16T17:49:59.6169769	1	20
2026-03-16T17:52:39.1827790	1	21
2026-03-16T17:53:35.0112048	1	22
2026-03-16T18:00:58.3941386	1	23
2026-03-16T18:01:31.2689835	1	24
2026-03-16T18:09:43.8191477	1	25
2026-03-16T18:24:31.3192480	1	26
2026-03-16T19:02:28.0475742	1	27
2026-03-16T19:04:40.4362914	1	28
2026-03-16T19:07:47.8875778	1	29
2026-03-16T19:17:26.5075945	1	30
2026-03-16T19:21:22.4196637	1	31
2026-03-16T19:23:57.0752286	1	32
2026-03-16T19:25:18.8331763	1	33
2026-03-16T19:30:16.4151559	1	34
2026-03-16T19:34:17.5684890	1	35
2026-03-16T19:38:36.2816171	1	36
2026-03-16T19:39:58.7255724	1	37
2026-03-16T19:43:55.1225778	1	38
2026-03-16T19:53:17.6765862	1	39
2026-03-16T20:14:19.7057973	1	40
2026-03-16T20:17:01.2908253	1	41
2026-03-16T20:20:51.4953071	1	42
2026-03-16T20:25:39.9919839	1	43
2026-03-16T20:34:19.8754993	1	44
2026-03-16T20:36:01.0683327	1	45
2026-03-17T15:20:01.0683327	1	46
2026-03-19T20:21:14.5202080	1	47
2026-03-19T22:08:08.8440075	1	48
2026-03-19T22:10:50.5216293	1	49
2026-03-20T00:14:48.4230302	1	50
2026-03-20T00:21:43.5184330	1	51
2026-03-20T00:28:48.8779494	1	52
2026-03-20T00:29:54.5516397	1	53
2026-03-20T00:31:04.9748109	1	54
2026-03-20T00:31:43.6175954	1	55
2026-03-20T00:32:28.1907960	1	56
2026-03-20T00:33:05.5861561	1	57
2026-03-20T00:33:46.0789616	1	58
2026-03-20T00:34:36.9949079	1	59
2026-03-20T00:52:28.9375830	1	60
2026-03-20T00:54:06.9502286	1	61
2026-04-23T21:07:26.1223193	1	62
2026-04-25T15:54:54.9863702	1	63
2026-04-25T16:36:50.0718125	1	64
2026-04-25T16:38:16.0233631	1	65
2026-04-25T16:43:30.2393876	1	66
2026-04-25T16:45:10.6214271	1	67
2026-04-25T16:46:51.2792371	1	68
2026-04-25T16:49:01.8997823	1	69
2026-04-25T16:50:35.2870534	1	70
2026-04-25T16:51:17.5812262	1	71
2026-04-25T17:11:21.5947283	1	72
2026-04-25T17:13:08.0024213	1	73
2026-04-25T17:19:31.7486561	1	74
