# CreatedAt	RecallerId	PatchId
2026-03-22T18:09:43.8191477	1	25
2026-06-06T15:13:00.9758109	1	45
2026-08-03T19:02:16.3243509	1	2
2026-08-03T19:03:06.3589585	1	40
2026-08-03T19:03:12.0024667	1	41
2026-08-03T19:03:21.3076270	1	42
2026-08-03T19:03:27.9747347	1	43
2026-08-03T19:03:34.2858895	1	44
2026-08-03T19:03:41.4997457	1	64
2026-08-03T19:03:46.9599563	1	65
2026-08-03T19:03:52.4202597	1	66
2026-08-03T19:03:59.0075721	1	67
2026-08-03T19:04:05.0900986	1	68
2026-08-03T19:04:10.3343459	1	69
2026-08-03T19:04:20.1102350	1	70
2026-08-03T19:04:25.6329811	1	71
2026-08-03T19:04:30.9794885	1	72
